timestamp,registry,pull_time
2025-08-23T10:07:10Z,quay.io,72.98
2025-08-23T10:08:29Z,ghcr.io,71.03
2025-08-23T10:11:32Z,quay.io,71.52
2025-08-23T10:12:49Z,ghcr.io,69.76
2025-08-23T10:17:28Z,quay.io,74.79
2025-08-23T10:18:49Z,ghcr.io,73.27
2025-08-23T10:25:33Z,quay.io,72.51
2025-08-23T10:26:51Z,ghcr.io,71.15
2025-08-23T10:36:55Z,quay.io,71.80
2025-08-23T10:38:13Z,ghcr.io,70.58
2025-08-23T10:45:40Z,quay.io,71.50
2025-08-23T10:46:57Z,ghcr.io,69.67
2025-08-23T10:54:16Z,quay.io,70.97
2025-08-23T10:55:32Z,ghcr.io,69.75
2025-08-23T11:03:50Z,quay.io,73.99
2025-08-23T11:05:09Z,ghcr.io,71.47
2025-08-23T11:15:20Z,quay.io,72.49
2025-08-23T11:16:38Z,ghcr.io,71.25
2025-08-23T11:25:20Z,quay.io,71.98
2025-08-23T11:26:38Z,ghcr.io,70.97
2025-08-23T11:34:18Z,quay.io,73.02
2025-08-23T11:35:37Z,ghcr.io,70.55
2025-08-23T11:42:37Z,quay.io,71.80
2025-08-23T11:43:54Z,ghcr.io,71.04
2025-08-23T11:51:07Z,quay.io,73.13
2025-08-23T11:52:26Z,ghcr.io,71.29
2025-08-23T11:59:36Z,quay.io,72.77
2025-08-23T12:00:55Z,ghcr.io,70.36
2025-08-23T12:12:52Z,quay.io,71.78
2025-08-23T12:14:09Z,ghcr.io,71.19
2025-08-23T12:29:55Z,quay.io,72.41
2025-08-23T12:31:13Z,ghcr.io,71.58
2025-08-23T12:51:20Z,quay.io,75.02
2025-08-23T12:52:41Z,ghcr.io,72.22
2025-08-23T13:05:33Z,quay.io,89.36
2025-08-23T13:07:08Z,ghcr.io,71.33
2025-08-23T13:19:41Z,quay.io,72.92
2025-08-23T13:20:59Z,ghcr.io,69.98
2025-08-23T13:33:10Z,quay.io,73.77
2025-08-23T13:34:29Z,ghcr.io,71.88
2025-08-23T13:42:50Z,quay.io,72.72
2025-08-23T13:44:09Z,ghcr.io,69.91
2025-08-23T13:51:17Z,quay.io,71.80
2025-08-23T13:52:34Z,ghcr.io,69.71
2025-08-23T13:59:27Z,quay.io,72.71
2025-08-23T14:00:45Z,ghcr.io,70.94
2025-08-23T14:10:32Z,quay.io,72.02
2025-08-23T14:11:49Z,ghcr.io,71.09
2025-08-23T14:23:38Z,quay.io,73.68
2025-08-23T14:24:58Z,ghcr.io,72.74
2025-08-23T14:34:06Z,quay.io,71.99
2025-08-23T14:35:24Z,ghcr.io,71.67
2025-08-23T14:43:18Z,quay.io,74.14
2025-08-23T14:44:38Z,ghcr.io,71.01
2025-08-23T14:51:50Z,quay.io,72.97
2025-08-23T14:53:09Z,ghcr.io,70.72
2025-08-23T14:59:57Z,quay.io,77.28
2025-08-23T15:01:20Z,ghcr.io,71.64
2025-08-23T15:11:06Z,quay.io,73.25
2025-08-23T15:12:24Z,ghcr.io,70.35
2025-08-23T15:24:17Z,quay.io,71.54
2025-08-23T15:25:34Z,ghcr.io,69.98
2025-08-23T15:33:31Z,quay.io,73.09
2025-08-23T15:34:50Z,ghcr.io,71.51
2025-08-23T15:42:09Z,quay.io,72.84
2025-08-23T15:43:28Z,ghcr.io,69.93
2025-08-23T15:50:42Z,quay.io,72.23
2025-08-23T15:52:00Z,ghcr.io,70.57
2025-08-23T15:58:57Z,quay.io,71.92
2025-08-23T16:00:15Z,ghcr.io,70.61
2025-08-23T16:10:20Z,quay.io,90.88
2025-08-23T16:11:56Z,ghcr.io,70.49
2025-08-23T16:24:48Z,quay.io,77.83
2025-08-23T16:26:12Z,ghcr.io,72.99
2025-08-23T16:36:54Z,quay.io,71.11
2025-08-23T16:38:11Z,ghcr.io,69.54
2025-08-23T16:46:51Z,quay.io,72.71
2025-08-23T16:48:09Z,ghcr.io,69.40
2025-08-23T16:55:11Z,quay.io,74.21
2025-08-23T16:56:31Z,ghcr.io,71.93
2025-08-23T17:05:20Z,quay.io,71.97
2025-08-23T17:06:38Z,ghcr.io,70.27
2025-08-23T17:17:08Z,quay.io,72.93
2025-08-23T17:18:26Z,ghcr.io,69.24
2025-08-23T17:28:02Z,quay.io,72.43
2025-08-23T17:29:20Z,ghcr.io,70.22
2025-08-23T17:37:23Z,quay.io,74.01
2025-08-23T17:38:43Z,ghcr.io,71.27
2025-08-23T17:45:51Z,quay.io,71.98
2025-08-23T17:47:08Z,ghcr.io,70.45
2025-08-23T17:54:15Z,quay.io,72.32
2025-08-23T17:55:33Z,ghcr.io,70.74
2025-08-23T18:05:03Z,quay.io,73.18
2025-08-23T18:06:22Z,ghcr.io,70.07
2025-08-23T18:18:31Z,quay.io,72.70
2025-08-23T18:19:49Z,ghcr.io,70.04
2025-08-23T18:34:29Z,quay.io,72.40
2025-08-23T18:35:47Z,ghcr.io,70.19
2025-08-23T18:46:04Z,quay.io,73.45
2025-08-23T18:47:23Z,ghcr.io,72.20
2025-08-23T18:54:28Z,quay.io,79.91
2025-08-23T18:55:54Z,ghcr.io,68.71
2025-08-23T19:04:17Z,quay.io,71.23
2025-08-23T19:05:33Z,ghcr.io,68.93
2025-08-23T19:15:49Z,quay.io,73.13
2025-08-23T19:17:08Z,ghcr.io,70.00
2025-08-23T19:24:57Z,quay.io,72.96
2025-08-23T19:26:15Z,ghcr.io,73.00
2025-08-23T19:33:51Z,quay.io,74.64
2025-08-23T19:35:11Z,ghcr.io,69.93
2025-08-23T19:41:56Z,quay.io,73.01
2025-08-23T19:43:15Z,ghcr.io,72.11
2025-08-23T19:50:23Z,quay.io,73.71
2025-08-23T19:51:43Z,ghcr.io,72.15
2025-08-23T19:58:33Z,quay.io,71.26
2025-08-23T19:59:50Z,ghcr.io,70.83
2025-08-23T20:09:55Z,quay.io,76.86
2025-08-23T20:11:17Z,ghcr.io,71.20
2025-08-23T20:23:57Z,quay.io,72.32
2025-08-23T20:25:15Z,ghcr.io,71.24
2025-08-23T20:34:06Z,quay.io,71.18
2025-08-23T20:35:23Z,ghcr.io,69.32
2025-08-23T20:43:19Z,quay.io,74.36
2025-08-23T20:44:40Z,ghcr.io,72.22
2025-08-23T20:51:59Z,quay.io,72.95
2025-08-23T20:53:17Z,ghcr.io,70.09
2025-08-23T21:00:10Z,quay.io,71.93
2025-08-23T21:01:27Z,ghcr.io,69.78
2025-08-23T21:11:37Z,quay.io,73.30
2025-08-23T21:12:56Z,ghcr.io,69.90
2025-08-23T21:23:45Z,quay.io,73.14
2025-08-23T21:25:03Z,ghcr.io,72.02
2025-08-23T21:32:58Z,quay.io,72.06
2025-08-23T21:34:15Z,ghcr.io,69.92
2025-08-23T21:41:35Z,quay.io,72.69
2025-08-23T21:42:53Z,ghcr.io,71.11
2025-08-23T21:50:12Z,quay.io,76.45
2025-08-23T21:51:34Z,ghcr.io,71.82
2025-08-23T21:58:27Z,quay.io,72.57
2025-08-23T21:59:46Z,ghcr.io,71.01
2025-08-23T22:09:28Z,quay.io,73.61
2025-08-23T22:10:47Z,ghcr.io,71.63
2025-08-23T22:22:58Z,quay.io,71.08
2025-08-23T22:24:14Z,ghcr.io,69.53
2025-08-23T22:33:57Z,quay.io,71.72
2025-08-23T22:35:14Z,ghcr.io,70.94
2025-08-23T22:43:28Z,quay.io,75.06
2025-08-23T22:44:49Z,ghcr.io,72.21
2025-08-23T22:51:37Z,quay.io,84.35
2025-08-23T22:53:07Z,ghcr.io,71.36
2025-08-23T23:00:09Z,quay.io,74.96
2025-08-23T23:01:30Z,ghcr.io,72.48
2025-08-23T23:11:46Z,quay.io,71.00
2025-08-23T23:13:02Z,ghcr.io,69.90
2025-08-23T23:24:36Z,quay.io,73.70
2025-08-23T23:25:56Z,ghcr.io,70.89
2025-08-23T23:33:47Z,quay.io,83.82
2025-08-23T23:35:16Z,ghcr.io,71.07
2025-08-23T23:42:40Z,quay.io,72.58
2025-08-23T23:43:58Z,ghcr.io,70.28
2025-08-23T23:51:11Z,quay.io,73.79
2025-08-23T23:52:31Z,ghcr.io,71.76
2025-08-23T23:59:19Z,quay.io,75.68
2025-08-24T00:00:41Z,ghcr.io,73.91
2025-08-24T00:40:02Z,quay.io,73.49
2025-08-24T00:41:21Z,ghcr.io,70.04
2025-08-24T01:11:12Z,quay.io,72.63
2025-08-24T01:12:30Z,ghcr.io,70.14
2025-08-24T01:56:13Z,quay.io,73.18
2025-08-24T01:57:31Z,ghcr.io,71.59
2025-08-24T02:41:06Z,quay.io,72.17
2025-08-24T02:42:23Z,ghcr.io,69.69
2025-08-24T03:13:20Z,quay.io,86.13
2025-08-24T03:14:51Z,ghcr.io,73.36
2025-08-24T03:38:45Z,quay.io,72.23
2025-08-24T03:40:03Z,ghcr.io,70.03
2025-08-24T03:57:30Z,quay.io,71.75
2025-08-24T03:58:47Z,ghcr.io,69.76
2025-08-24T04:13:15Z,quay.io,71.07
2025-08-24T04:14:31Z,ghcr.io,69.08
2025-08-24T04:28:53Z,quay.io,72.56
2025-08-24T04:30:11Z,ghcr.io,70.95
2025-08-24T04:42:38Z,quay.io,72.19
2025-08-24T04:43:56Z,ghcr.io,70.25
2025-08-24T04:52:12Z,quay.io,86.67
2025-08-24T04:53:44Z,ghcr.io,73.16
2025-08-24T05:00:22Z,quay.io,72.27
2025-08-24T05:01:40Z,ghcr.io,70.19
2025-08-24T05:12:04Z,quay.io,73.22
2025-08-24T05:13:23Z,ghcr.io,71.53
2025-08-24T05:26:12Z,quay.io,75.89
2025-08-24T05:27:33Z,ghcr.io,72.11
2025-08-24T05:37:45Z,quay.io,72.83
2025-08-24T05:39:03Z,ghcr.io,70.11
2025-08-24T05:46:38Z,quay.io,84.87
2025-08-24T05:48:09Z,ghcr.io,71.91
2025-08-24T05:54:54Z,quay.io,71.72
2025-08-24T05:56:11Z,ghcr.io,69.99
2025-08-24T06:07:27Z,quay.io,72.52
2025-08-24T06:08:46Z,ghcr.io,72.96
2025-08-24T06:21:50Z,quay.io,71.51
2025-08-24T06:23:07Z,ghcr.io,70.75
2025-08-24T06:38:29Z,quay.io,72.97
2025-08-24T06:39:47Z,ghcr.io,71.75
2025-08-24T06:50:25Z,quay.io,72.14
2025-08-24T06:51:43Z,ghcr.io,71.70
2025-08-24T06:58:37Z,quay.io,70.51
2025-08-24T06:59:54Z,ghcr.io,68.68
2025-08-24T07:09:47Z,quay.io,71.95
2025-08-24T07:11:05Z,ghcr.io,70.71
2025-08-24T07:23:12Z,quay.io,73.05
2025-08-24T07:24:31Z,ghcr.io,71.28
2025-08-24T07:32:10Z,quay.io,73.57
2025-08-24T07:33:29Z,ghcr.io,71.64
2025-08-24T07:41:08Z,quay.io,76.82
2025-08-24T07:42:31Z,ghcr.io,72.51
2025-08-24T07:49:37Z,quay.io,71.91
2025-08-24T07:50:55Z,ghcr.io,70.03
2025-08-24T07:58:04Z,quay.io,71.42
2025-08-24T07:59:21Z,ghcr.io,69.18
2025-08-24T08:09:50Z,quay.io,74.22
2025-08-24T08:11:10Z,ghcr.io,71.54
2025-08-24T08:24:20Z,quay.io,73.02
2025-08-24T08:25:38Z,ghcr.io,69.88
2025-08-24T08:36:59Z,quay.io,71.37
2025-08-24T08:38:16Z,ghcr.io,69.37
2025-08-24T08:47:16Z,quay.io,70.78
2025-08-24T08:48:32Z,ghcr.io,69.70
2025-08-24T08:55:31Z,quay.io,72.70
2025-08-24T08:56:49Z,ghcr.io,71.67
2025-08-24T09:06:34Z,quay.io,73.73
2025-08-24T09:07:54Z,ghcr.io,72.73
2025-08-24T09:19:21Z,quay.io,71.43
2025-08-24T09:20:38Z,ghcr.io,70.06
2025-08-24T09:30:14Z,quay.io,73.22
2025-08-24T09:31:33Z,ghcr.io,71.89
2025-08-24T09:39:58Z,quay.io,72.10
2025-08-24T09:41:15Z,ghcr.io,71.02
2025-08-24T09:48:18Z,quay.io,72.10
2025-08-24T09:49:36Z,ghcr.io,70.36
2025-08-24T09:56:30Z,quay.io,72.75
2025-08-24T09:57:48Z,ghcr.io,69.98
2025-08-24T10:07:58Z,quay.io,71.64
2025-08-24T10:09:15Z,ghcr.io,69.84
2025-08-24T10:20:56Z,quay.io,72.72
2025-08-24T10:22:14Z,ghcr.io,72.08
2025-08-24T10:33:29Z,quay.io,73.07
2025-08-24T10:34:48Z,ghcr.io,71.43
2025-08-24T10:43:30Z,quay.io,71.75
2025-08-24T10:44:47Z,ghcr.io,71.31
2025-08-24T10:51:44Z,quay.io,73.84
2025-08-24T10:53:04Z,ghcr.io,71.85
2025-08-24T10:59:53Z,quay.io,83.54
2025-08-24T11:01:23Z,ghcr.io,71.43
2025-08-24T11:10:55Z,quay.io,72.12
2025-08-24T11:12:12Z,ghcr.io,70.92
2025-08-24T11:22:09Z,quay.io,72.15
2025-08-24T11:23:27Z,ghcr.io,70.22
2025-08-24T11:30:15Z,quay.io,73.21
2025-08-24T11:31:34Z,ghcr.io,72.91
2025-08-24T11:39:13Z,quay.io,72.34
2025-08-24T11:40:31Z,ghcr.io,72.07
2025-08-24T11:47:43Z,quay.io,72.41
2025-08-24T11:49:02Z,ghcr.io,70.53
2025-08-24T11:55:59Z,quay.io,70.47
2025-08-24T11:57:16Z,ghcr.io,69.26
2025-08-24T12:11:55Z,quay.io,72.62
2025-08-24T12:13:13Z,ghcr.io,70.70
2025-08-24T12:28:35Z,quay.io,71.97
2025-08-24T12:29:53Z,ghcr.io,70.24
2025-08-24T12:50:51Z,quay.io,74.95
2025-08-24T12:52:12Z,ghcr.io,72.45
2025-08-24T13:05:29Z,quay.io,73.18
2025-08-24T13:06:48Z,ghcr.io,70.42
2025-08-24T13:19:40Z,quay.io,71.55
2025-08-24T13:20:57Z,ghcr.io,70.85
2025-08-24T13:33:25Z,quay.io,71.63
2025-08-24T13:34:43Z,ghcr.io,69.46
2025-08-24T13:42:58Z,quay.io,73.03
2025-08-24T13:44:17Z,ghcr.io,70.95
2025-08-24T13:51:30Z,quay.io,72.84
2025-08-24T13:52:49Z,ghcr.io,70.76
2025-08-24T14:00:10Z,quay.io,74.48
2025-08-24T14:01:30Z,ghcr.io,72.34
2025-08-24T14:11:16Z,quay.io,71.68
2025-08-24T14:12:34Z,ghcr.io,69.93
2025-08-24T14:24:22Z,quay.io,72.84
2025-08-24T14:25:40Z,ghcr.io,69.34
2025-08-24T14:34:57Z,quay.io,73.93
2025-08-24T14:36:17Z,ghcr.io,70.85
2025-08-24T14:43:57Z,quay.io,71.07
2025-08-24T14:45:14Z,ghcr.io,69.09
2025-08-24T14:52:23Z,quay.io,73.68
2025-08-24T14:53:43Z,ghcr.io,72.27
2025-08-24T15:00:53Z,quay.io,71.23
2025-08-24T15:02:10Z,ghcr.io,70.46
2025-08-24T15:12:31Z,quay.io,72.43
2025-08-24T15:13:49Z,ghcr.io,71.92
2025-08-24T15:25:38Z,quay.io,74.03
2025-08-24T15:26:57Z,ghcr.io,72.70
2025-08-24T15:35:13Z,quay.io,72.57
2025-08-24T15:36:31Z,ghcr.io,71.88
2025-08-24T15:43:42Z,quay.io,73.62
2025-08-24T15:45:01Z,ghcr.io,72.31
2025-08-24T15:52:21Z,quay.io,74.90
2025-08-24T15:53:42Z,ghcr.io,72.06
2025-08-24T16:00:57Z,quay.io,72.19
2025-08-24T16:02:15Z,ghcr.io,69.77
2025-08-24T16:13:05Z,quay.io,73.09
2025-08-24T16:14:24Z,ghcr.io,70.19
2025-08-24T16:28:22Z,quay.io,72.96
2025-08-24T16:29:40Z,ghcr.io,70.74
2025-08-24T16:40:53Z,quay.io,72.01
2025-08-24T16:42:11Z,ghcr.io,69.56
2025-08-24T16:50:41Z,quay.io,72.64
2025-08-24T16:51:59Z,ghcr.io,71.67
2025-08-24T16:58:48Z,quay.io,72.25
2025-08-24T17:00:06Z,ghcr.io,72.64
2025-08-24T17:09:50Z,quay.io,83.55
2025-08-24T17:11:19Z,ghcr.io,85.48
2025-08-24T17:22:33Z,quay.io,73.62
2025-08-24T17:23:52Z,ghcr.io,72.76
2025-08-24T17:32:42Z,quay.io,71.98
2025-08-24T17:33:59Z,ghcr.io,69.85
2025-08-24T17:42:10Z,quay.io,73.76
2025-08-24T17:43:30Z,ghcr.io,72.29
2025-08-24T17:50:40Z,quay.io,73.35
2025-08-24T17:51:59Z,ghcr.io,72.61
2025-08-24T17:59:12Z,quay.io,72.35
2025-08-24T18:00:30Z,ghcr.io,71.89
2025-08-24T18:11:02Z,quay.io,72.21
2025-08-24T18:12:20Z,ghcr.io,70.17
2025-08-24T18:26:17Z,quay.io,71.60
2025-08-24T18:27:34Z,ghcr.io,72.23
2025-08-24T18:40:45Z,quay.io,75.55
2025-08-24T18:42:07Z,ghcr.io,71.40
2025-08-24T18:50:54Z,quay.io,72.43
2025-08-24T18:52:12Z,ghcr.io,69.04
2025-08-24T18:59:07Z,quay.io,76.65
2025-08-24T19:00:30Z,ghcr.io,70.70
2025-08-24T19:10:01Z,quay.io,74.88
2025-08-24T19:11:21Z,ghcr.io,72.17
2025-08-24T19:21:16Z,quay.io,73.03
2025-08-24T19:22:35Z,ghcr.io,71.37
2025-08-24T19:29:40Z,quay.io,72.79
2025-08-24T19:30:59Z,ghcr.io,70.48
2025-08-24T19:38:47Z,quay.io,70.97
2025-08-24T19:40:03Z,ghcr.io,69.16
2025-08-24T19:47:19Z,quay.io,72.82
2025-08-24T19:48:37Z,ghcr.io,70.80
2025-08-24T19:55:45Z,quay.io,74.05
2025-08-24T19:57:04Z,ghcr.io,69.29
2025-08-24T20:07:24Z,quay.io,73.90
2025-08-24T20:08:44Z,ghcr.io,70.97
2025-08-24T20:20:34Z,quay.io,74.39
2025-08-24T20:21:54Z,ghcr.io,71.91
2025-08-24T20:32:06Z,quay.io,78.48
2025-08-24T20:33:30Z,ghcr.io,71.70
2025-08-24T20:42:01Z,quay.io,72.39
2025-08-24T20:43:19Z,ghcr.io,71.26
2025-08-24T20:50:30Z,quay.io,85.23
2025-08-24T20:52:01Z,ghcr.io,71.34
2025-08-24T20:59:03Z,quay.io,71.67
2025-08-24T21:00:20Z,ghcr.io,74.98
2025-08-24T21:10:02Z,quay.io,73.18
2025-08-24T21:11:21Z,ghcr.io,70.24
2025-08-24T21:23:01Z,quay.io,73.96
2025-08-24T21:24:21Z,ghcr.io,70.53
2025-08-24T21:32:02Z,quay.io,73.65
2025-08-24T21:33:21Z,ghcr.io,71.69
2025-08-24T21:41:11Z,quay.io,72.08
2025-08-24T21:42:28Z,ghcr.io,69.57
2025-08-24T21:49:46Z,quay.io,71.23
2025-08-24T21:51:02Z,ghcr.io,69.45
2025-08-24T21:57:54Z,quay.io,74.36
2025-08-24T21:59:14Z,ghcr.io,72.74
2025-08-24T22:08:48Z,quay.io,72.06
2025-08-24T22:10:06Z,ghcr.io,70.92
2025-08-24T22:22:02Z,quay.io,71.55
2025-08-24T22:23:19Z,ghcr.io,70.55
2025-08-24T22:33:43Z,quay.io,75.41
2025-08-24T22:35:04Z,ghcr.io,70.79
2025-08-24T22:43:50Z,quay.io,72.97
2025-08-24T22:45:09Z,ghcr.io,71.01
2025-08-24T22:52:01Z,quay.io,72.20
2025-08-24T22:53:19Z,ghcr.io,70.30
2025-08-24T23:00:33Z,quay.io,72.51
2025-08-24T23:01:51Z,ghcr.io,70.85
2025-08-24T23:12:07Z,quay.io,73.63
2025-08-24T23:13:27Z,ghcr.io,71.87
2025-08-24T23:25:06Z,quay.io,74.21
2025-08-24T23:26:26Z,ghcr.io,72.65
2025-08-24T23:34:34Z,quay.io,71.78
2025-08-24T23:35:51Z,ghcr.io,71.23
2025-08-24T23:43:48Z,quay.io,71.36
2025-08-24T23:45:05Z,ghcr.io,69.69
2025-08-24T23:52:22Z,quay.io,82.65
2025-08-24T23:53:50Z,ghcr.io,70.61
2025-08-25T00:01:02Z,quay.io,74.91
2025-08-25T00:02:23Z,ghcr.io,72.26
2025-08-25T00:37:54Z,quay.io,72.66
2025-08-25T00:39:13Z,ghcr.io,71.31
2025-08-25T01:08:00Z,quay.io,73.37
2025-08-25T01:09:19Z,ghcr.io,71.05
2025-08-25T01:51:22Z,quay.io,75.35
2025-08-25T01:52:43Z,ghcr.io,70.91
2025-08-25T02:29:12Z,quay.io,73.21
2025-08-25T02:30:30Z,ghcr.io,71.76
2025-08-25T03:06:06Z,quay.io,71.59
2025-08-25T03:07:23Z,ghcr.io,70.07
2025-08-25T03:34:07Z,quay.io,86.47
2025-08-25T03:35:39Z,ghcr.io,71.53
2025-08-25T03:54:35Z,quay.io,72.78
2025-08-25T03:55:53Z,ghcr.io,70.60
2025-08-25T04:09:25Z,quay.io,70.97
2025-08-25T04:10:41Z,ghcr.io,70.47
2025-08-25T04:24:30Z,quay.io,71.55
2025-08-25T04:25:47Z,ghcr.io,69.83
2025-08-25T04:40:28Z,quay.io,72.07
2025-08-25T04:41:45Z,ghcr.io,77.64
2025-08-25T04:51:35Z,quay.io,68.80
2025-08-25T04:52:49Z,ghcr.io,67.23
2025-08-25T04:59:49Z,quay.io,72.23
2025-08-25T05:01:07Z,ghcr.io,71.94
2025-08-25T05:11:45Z,quay.io,75.36
2025-08-25T05:13:06Z,ghcr.io,72.76
2025-08-25T05:26:20Z,quay.io,72.11
2025-08-25T05:27:38Z,ghcr.io,70.63
2025-08-25T05:39:09Z,quay.io,71.09
2025-08-25T05:40:26Z,ghcr.io,70.12
2025-08-25T05:48:56Z,quay.io,72.75
2025-08-25T05:50:15Z,ghcr.io,71.34
2025-08-25T05:57:32Z,quay.io,71.55
2025-08-25T05:58:49Z,ghcr.io,70.73
2025-08-25T06:13:18Z,quay.io,71.76
2025-08-25T06:14:35Z,ghcr.io,70.23
2025-08-25T06:30:05Z,quay.io,71.33
2025-08-25T06:31:22Z,ghcr.io,69.82
2025-08-25T06:46:45Z,quay.io,70.39
2025-08-25T06:48:01Z,ghcr.io,68.42
2025-08-25T06:57:25Z,quay.io,71.25
2025-08-25T06:58:41Z,ghcr.io,70.06
2025-08-25T07:09:52Z,quay.io,71.67
2025-08-25T07:11:09Z,ghcr.io,70.00
2025-08-25T07:24:02Z,quay.io,72.31
2025-08-25T07:25:20Z,ghcr.io,69.69
2025-08-25T07:34:45Z,quay.io,71.92
2025-08-25T07:36:02Z,ghcr.io,70.18
2025-08-25T07:44:18Z,quay.io,71.81
2025-08-25T07:45:36Z,ghcr.io,69.69
2025-08-25T07:52:53Z,quay.io,87.92
2025-08-25T07:54:26Z,ghcr.io,71.33
2025-08-25T08:02:16Z,quay.io,76.50
2025-08-25T08:03:38Z,ghcr.io,71.95
2025-08-25T08:15:27Z,quay.io,71.94
2025-08-25T08:16:44Z,ghcr.io,71.09
2025-08-25T08:32:35Z,quay.io,72.04
2025-08-25T08:33:53Z,ghcr.io,70.42
2025-08-25T08:46:11Z,quay.io,73.07
2025-08-25T08:47:30Z,ghcr.io,71.19
2025-08-25T08:57:02Z,quay.io,73.12
2025-08-25T08:58:20Z,ghcr.io,71.12
2025-08-25T09:10:11Z,quay.io,75.68
2025-08-25T09:11:32Z,ghcr.io,72.59
2025-08-25T09:24:41Z,quay.io,71.32
2025-08-25T09:25:58Z,ghcr.io,70.11
2025-08-25T09:37:14Z,quay.io,71.92
2025-08-25T09:38:32Z,ghcr.io,69.96
2025-08-25T09:47:13Z,quay.io,73.10
2025-08-25T09:48:31Z,ghcr.io,71.08
2025-08-25T09:55:48Z,quay.io,73.33
2025-08-25T09:57:07Z,ghcr.io,71.22
2025-08-25T10:08:34Z,quay.io,72.95
2025-08-25T10:09:53Z,ghcr.io,72.61
2025-08-25T10:22:48Z,quay.io,73.48
2025-08-25T10:24:08Z,ghcr.io,71.58
2025-08-25T10:36:53Z,quay.io,71.12
2025-08-25T10:38:10Z,ghcr.io,70.37
2025-08-25T10:47:40Z,quay.io,71.92
2025-08-25T10:48:58Z,ghcr.io,70.81
2025-08-25T10:56:12Z,quay.io,74.09
2025-08-25T10:57:32Z,ghcr.io,72.51
2025-08-25T11:07:41Z,quay.io,72.21
2025-08-25T11:08:59Z,ghcr.io,72.21
2025-08-25T11:20:26Z,quay.io,72.66
2025-08-25T11:21:44Z,ghcr.io,70.77
2025-08-25T11:30:22Z,quay.io,71.39
2025-08-25T11:31:39Z,ghcr.io,69.64
2025-08-25T11:39:56Z,quay.io,72.23
2025-08-25T11:41:14Z,ghcr.io,69.80
2025-08-25T11:48:29Z,quay.io,74.35
2025-08-25T11:49:49Z,ghcr.io,72.69
2025-08-25T11:57:01Z,quay.io,72.78
2025-08-25T11:58:20Z,ghcr.io,71.05
2025-08-25T12:14:20Z,quay.io,71.37
2025-08-25T12:15:37Z,ghcr.io,70.56
2025-08-25T12:32:23Z,quay.io,71.91
2025-08-25T12:33:41Z,ghcr.io,70.06
2025-08-25T12:56:39Z,quay.io,78.98
2025-08-25T12:58:04Z,ghcr.io,69.12
2025-08-25T13:16:46Z,quay.io,70.75
2025-08-25T13:18:02Z,ghcr.io,69.18
2025-08-25T13:34:09Z,quay.io,71.27
2025-08-25T13:35:26Z,ghcr.io,69.22
2025-08-25T13:46:41Z,quay.io,75.27
2025-08-25T13:48:02Z,ghcr.io,70.71
2025-08-25T13:55:38Z,quay.io,73.57
2025-08-25T13:56:58Z,ghcr.io,72.78
2025-08-25T14:07:24Z,quay.io,73.34
2025-08-25T14:08:43Z,ghcr.io,71.42
2025-08-25T14:20:56Z,quay.io,74.22
2025-08-25T14:22:16Z,ghcr.io,73.63
2025-08-25T14:34:42Z,quay.io,72.89
2025-08-25T14:36:01Z,ghcr.io,73.02
2025-08-25T14:46:09Z,quay.io,72.44
2025-08-25T14:47:27Z,ghcr.io,80.05
2025-08-25T14:54:47Z,quay.io,72.92
2025-08-25T14:56:05Z,ghcr.io,70.76
2025-08-25T15:05:44Z,quay.io,73.70
2025-08-25T15:07:03Z,ghcr.io,72.55
2025-08-25T15:18:56Z,quay.io,72.37
2025-08-25T15:20:14Z,ghcr.io,70.43
2025-08-25T15:32:14Z,quay.io,71.04
2025-08-25T15:33:31Z,ghcr.io,69.29
2025-08-25T15:42:51Z,quay.io,71.78
2025-08-25T15:44:08Z,ghcr.io,70.93
2025-08-25T15:51:38Z,quay.io,75.23
2025-08-25T15:52:59Z,ghcr.io,70.12
2025-08-25T15:59:55Z,quay.io,73.11
2025-08-25T16:01:14Z,ghcr.io,78.95
2025-08-25T16:11:56Z,quay.io,85.40
2025-08-25T16:13:27Z,ghcr.io,70.23
2025-08-25T16:27:23Z,quay.io,72.75
2025-08-25T16:28:41Z,ghcr.io,71.38
2025-08-25T16:42:12Z,quay.io,72.38
2025-08-25T16:43:30Z,ghcr.io,71.33
2025-08-25T16:53:28Z,quay.io,72.14
2025-08-25T16:54:46Z,ghcr.io,74.00
2025-08-25T17:02:59Z,quay.io,72.06
2025-08-25T17:04:16Z,ghcr.io,70.00
2025-08-25T17:14:32Z,quay.io,72.75
2025-08-25T17:15:50Z,ghcr.io,69.78
2025-08-25T17:27:46Z,quay.io,72.78
2025-08-25T17:29:05Z,ghcr.io,70.52
2025-08-25T17:37:51Z,quay.io,73.86
2025-08-25T17:39:11Z,ghcr.io,70.54
2025-08-25T17:46:29Z,quay.io,71.69
2025-08-25T17:47:46Z,ghcr.io,71.48
2025-08-25T17:54:45Z,quay.io,71.27
2025-08-25T17:56:02Z,ghcr.io,69.16
2025-08-25T18:07:27Z,quay.io,74.78
2025-08-25T18:08:48Z,ghcr.io,71.86
2025-08-25T18:22:00Z,quay.io,73.63
2025-08-25T18:23:19Z,ghcr.io,71.24
2025-08-25T18:39:26Z,quay.io,71.96
2025-08-25T18:40:44Z,ghcr.io,70.93
2025-08-25T18:52:04Z,quay.io,70.86
2025-08-25T18:53:21Z,ghcr.io,69.35
2025-08-25T19:00:36Z,quay.io,71.97
2025-08-25T19:01:54Z,ghcr.io,70.82
2025-08-25T19:11:46Z,quay.io,72.64
2025-08-25T19:13:04Z,ghcr.io,70.54
2025-08-25T19:23:16Z,quay.io,72.34
2025-08-25T19:24:34Z,ghcr.io,70.94
2025-08-25T19:32:00Z,quay.io,74.23
2025-08-25T19:33:20Z,ghcr.io,72.40
2025-08-25T19:40:59Z,quay.io,73.18
2025-08-25T19:42:18Z,ghcr.io,70.98
2025-08-25T19:49:35Z,quay.io,79.69
2025-08-25T19:51:00Z,ghcr.io,73.41
2025-08-25T20:02:06Z,quay.io,73.21
2025-08-25T20:03:24Z,ghcr.io,78.51
2025-08-25T20:09:14Z,quay.io,72.82
2025-08-25T20:10:32Z,ghcr.io,71.39
2025-08-25T20:23:26Z,quay.io,71.47
2025-08-25T20:24:43Z,ghcr.io,69.54
2025-08-25T20:35:09Z,quay.io,71.43
2025-08-25T20:36:26Z,ghcr.io,69.20
2025-08-25T20:45:05Z,quay.io,73.63
2025-08-25T20:46:24Z,ghcr.io,71.72
2025-08-25T20:53:27Z,quay.io,70.71
2025-08-25T20:54:43Z,ghcr.io,69.25
2025-08-25T21:02:53Z,quay.io,74.55
2025-08-25T21:04:13Z,ghcr.io,72.49
2025-08-25T21:14:53Z,quay.io,74.80
2025-08-25T21:16:14Z,ghcr.io,72.81
2025-08-25T21:27:08Z,quay.io,73.11
2025-08-25T21:28:26Z,ghcr.io,72.10
2025-08-25T21:36:59Z,quay.io,71.74
2025-08-25T21:38:17Z,ghcr.io,70.96
2025-08-25T21:45:28Z,quay.io,74.35
2025-08-25T21:46:48Z,ghcr.io,71.23
2025-08-25T21:54:01Z,quay.io,73.79
2025-08-25T21:55:20Z,ghcr.io,72.87
2025-08-25T22:04:19Z,quay.io,72.96
2025-08-25T22:05:38Z,ghcr.io,70.96
2025-08-25T22:16:54Z,quay.io,72.68
2025-08-25T22:18:12Z,ghcr.io,70.61
2025-08-25T22:30:29Z,quay.io,70.85
2025-08-25T22:31:45Z,ghcr.io,69.62
2025-08-25T22:41:03Z,quay.io,71.96
2025-08-25T22:42:21Z,ghcr.io,70.44
2025-08-25T22:49:36Z,quay.io,73.76
2025-08-25T22:50:56Z,ghcr.io,72.22
2025-08-25T22:57:45Z,quay.io,73.22
2025-08-25T22:59:04Z,ghcr.io,71.26
2025-08-25T23:08:43Z,quay.io,79.20
2025-08-25T23:10:08Z,ghcr.io,69.10
2025-08-25T23:22:02Z,quay.io,73.22
2025-08-25T23:23:21Z,ghcr.io,71.38
2025-08-25T23:32:27Z,quay.io,73.20
2025-08-25T23:33:46Z,ghcr.io,71.51
2025-08-25T23:41:56Z,quay.io,76.49
2025-08-25T23:43:18Z,ghcr.io,72.20
2025-08-25T23:50:25Z,quay.io,71.78
2025-08-25T23:51:42Z,ghcr.io,71.06
2025-08-25T23:58:42Z,quay.io,71.47
2025-08-26T00:00:00Z,ghcr.io,70.92
2025-08-26T00:35:34Z,quay.io,72.62
2025-08-26T00:36:52Z,ghcr.io,69.43
2025-08-26T01:04:35Z,quay.io,74.27
2025-08-26T01:05:55Z,ghcr.io,72.71
2025-08-26T01:46:20Z,quay.io,73.38
2025-08-26T01:47:39Z,ghcr.io,71.32
2025-08-26T02:23:46Z,quay.io,72.31
2025-08-26T02:25:04Z,ghcr.io,70.83
2025-08-26T02:58:43Z,quay.io,71.10
2025-08-26T02:59:59Z,ghcr.io,70.37
2025-08-26T03:26:32Z,quay.io,70.75
2025-08-26T03:27:48Z,ghcr.io,69.55
2025-08-26T03:46:29Z,quay.io,71.82
2025-08-26T03:47:47Z,ghcr.io,70.92
2025-08-26T03:58:39Z,quay.io,91.18
2025-08-26T04:00:15Z,ghcr.io,71.00
2025-08-26T04:10:59Z,quay.io,72.68
2025-08-26T04:12:17Z,ghcr.io,84.13
2025-08-26T04:25:59Z,quay.io,72.61
2025-08-26T04:27:18Z,ghcr.io,82.24
2025-08-26T04:40:05Z,quay.io,83.49
2025-08-26T04:41:34Z,ghcr.io,73.02
2025-08-26T04:50:18Z,quay.io,72.33
2025-08-26T04:51:36Z,ghcr.io,71.06
2025-08-26T04:58:53Z,quay.io,73.67
2025-08-26T05:00:12Z,ghcr.io,76.10
2025-08-26T05:10:18Z,quay.io,72.34
2025-08-26T05:11:36Z,ghcr.io,70.46
2025-08-26T05:24:31Z,quay.io,73.71
2025-08-26T05:25:50Z,ghcr.io,71.55
2025-08-26T05:36:37Z,quay.io,71.82
2025-08-26T05:37:55Z,ghcr.io,70.12
2025-08-26T05:46:22Z,quay.io,73.17
2025-08-26T05:47:41Z,ghcr.io,70.98
2025-08-26T05:54:46Z,quay.io,72.17
2025-08-26T05:56:04Z,ghcr.io,70.75
2025-08-26T06:08:03Z,quay.io,72.29
2025-08-26T06:09:21Z,ghcr.io,69.97
2025-08-26T06:23:03Z,quay.io,72.24
2025-08-26T06:24:21Z,ghcr.io,70.68
2025-08-26T06:41:24Z,quay.io,72.27
2025-08-26T06:42:42Z,ghcr.io,69.82
2025-08-26T06:54:11Z,quay.io,74.63
2025-08-26T06:55:31Z,ghcr.io,71.79
2025-08-26T07:04:38Z,quay.io,71.91
2025-08-26T07:05:56Z,ghcr.io,71.47
2025-08-26T07:17:21Z,quay.io,71.94
2025-08-26T07:18:38Z,ghcr.io,70.33
2025-08-26T07:29:34Z,quay.io,73.67
2025-08-26T07:30:54Z,ghcr.io,72.98
2025-08-26T07:39:43Z,quay.io,71.32
2025-08-26T07:41:00Z,ghcr.io,69.75
2025-08-26T07:48:19Z,quay.io,71.97
2025-08-26T07:49:37Z,ghcr.io,69.89
2025-08-26T07:56:32Z,quay.io,73.39
2025-08-26T07:57:51Z,ghcr.io,71.22
2025-08-26T08:11:42Z,quay.io,76.32
2025-08-26T08:13:04Z,ghcr.io,74.08
2025-08-26T08:27:29Z,quay.io,71.36
2025-08-26T08:28:46Z,ghcr.io,70.87
2025-08-26T08:42:35Z,quay.io,71.78
2025-08-26T08:43:53Z,ghcr.io,69.82
2025-08-26T08:53:56Z,quay.io,70.82
2025-08-26T08:55:12Z,ghcr.io,70.33
2025-08-26T09:04:21Z,quay.io,71.81
2025-08-26T09:05:39Z,ghcr.io,70.17
2025-08-26T09:17:21Z,quay.io,70.45
2025-08-26T09:18:37Z,ghcr.io,69.65
2025-08-26T09:31:53Z,quay.io,75.35
2025-08-26T09:33:14Z,ghcr.io,70.55
2025-08-26T09:42:47Z,quay.io,72.03
2025-08-26T09:44:05Z,ghcr.io,71.46
2025-08-26T09:51:31Z,quay.io,75.53
2025-08-26T09:52:52Z,ghcr.io,74.08
2025-08-26T09:59:44Z,quay.io,71.89
2025-08-26T10:01:02Z,ghcr.io,74.89
2025-08-26T10:12:00Z,quay.io,73.15
2025-08-26T10:13:19Z,ghcr.io,70.41
2025-08-26T10:26:45Z,quay.io,78.13
2025-08-26T10:28:08Z,ghcr.io,71.13
2025-08-26T10:40:22Z,quay.io,75.48
2025-08-26T10:41:43Z,ghcr.io,71.85
2025-08-26T10:50:20Z,quay.io,72.19
2025-08-26T10:51:38Z,ghcr.io,72.32
2025-08-26T10:58:37Z,quay.io,72.40
2025-08-26T10:59:55Z,ghcr.io,71.96
2025-08-26T11:09:51Z,quay.io,72.69
2025-08-26T11:11:09Z,ghcr.io,70.69
2025-08-26T11:23:10Z,quay.io,72.87
2025-08-26T11:24:28Z,ghcr.io,72.26
2025-08-26T11:32:33Z,quay.io,71.58
2025-08-26T11:33:50Z,ghcr.io,69.82
2025-08-26T11:41:57Z,quay.io,71.29
2025-08-26T11:43:14Z,ghcr.io,69.49
2025-08-26T11:50:15Z,quay.io,75.52
2025-08-26T11:51:36Z,ghcr.io,70.52
2025-08-26T11:58:47Z,quay.io,73.17
2025-08-26T12:00:06Z,ghcr.io,77.88
2025-08-26T12:15:12Z,quay.io,70.49
2025-08-26T12:16:28Z,ghcr.io,69.63
2025-08-26T12:33:37Z,quay.io,76.87
2025-08-26T12:35:00Z,ghcr.io,79.32
2025-08-26T12:58:07Z,quay.io,72.45
2025-08-26T12:59:25Z,ghcr.io,70.81
2025-08-26T13:18:05Z,quay.io,74.81
2025-08-26T13:19:26Z,ghcr.io,75.05
2025-08-26T13:36:21Z,quay.io,84.46
2025-08-26T13:37:51Z,ghcr.io,70.94
2025-08-26T13:48:33Z,quay.io,72.97
2025-08-26T13:49:52Z,ghcr.io,73.04
2025-08-26T13:57:06Z,quay.io,73.68
2025-08-26T13:58:26Z,ghcr.io,71.19
2025-08-26T14:08:09Z,quay.io,72.97
2025-08-26T14:09:28Z,ghcr.io,70.75
2025-08-26T14:21:35Z,quay.io,72.22
2025-08-26T14:22:52Z,ghcr.io,69.80
2025-08-26T14:34:11Z,quay.io,77.67
2025-08-26T14:35:34Z,ghcr.io,71.39
2025-08-26T14:44:59Z,quay.io,70.98
2025-08-26T14:46:16Z,ghcr.io,69.97
2025-08-26T14:53:33Z,quay.io,72.92
2025-08-26T14:54:51Z,ghcr.io,71.95
2025-08-26T15:03:32Z,quay.io,72.52
2025-08-26T15:04:51Z,ghcr.io,71.42
2025-08-26T15:16:36Z,quay.io,71.70
2025-08-26T15:17:53Z,ghcr.io,70.73
2025-08-26T15:30:14Z,quay.io,73.68
2025-08-26T15:31:34Z,ghcr.io,70.80
2025-08-26T15:40:29Z,quay.io,70.72
2025-08-26T15:41:46Z,ghcr.io,70.38
2025-08-26T15:49:33Z,quay.io,88.80
2025-08-26T15:51:08Z,ghcr.io,71.98
2025-08-26T15:58:00Z,quay.io,72.90
2025-08-26T15:59:18Z,ghcr.io,70.86
2025-08-26T16:09:41Z,quay.io,73.27
2025-08-26T16:11:00Z,ghcr.io,72.00
2025-08-26T16:24:26Z,quay.io,73.88
2025-08-26T16:25:46Z,ghcr.io,72.14
2025-08-26T16:38:36Z,quay.io,73.14
2025-08-26T16:39:55Z,ghcr.io,70.95
2025-08-26T16:49:58Z,quay.io,95.04
2025-08-26T16:51:38Z,ghcr.io,73.19
2025-08-26T16:58:31Z,quay.io,73.30
2025-08-26T16:59:50Z,ghcr.io,72.12
2025-08-26T17:09:45Z,quay.io,87.32
2025-08-26T17:11:18Z,ghcr.io,71.35
2025-08-26T17:23:06Z,quay.io,73.43
2025-08-26T17:24:25Z,ghcr.io,72.01
2025-08-26T17:34:20Z,quay.io,72.90
2025-08-26T17:35:38Z,ghcr.io,70.54
2025-08-26T17:43:57Z,quay.io,72.26
2025-08-26T17:45:15Z,ghcr.io,70.76
2025-08-26T17:52:29Z,quay.io,77.77
2025-08-26T17:53:53Z,ghcr.io,71.00
2025-08-26T18:01:23Z,quay.io,74.73
2025-08-26T18:02:44Z,ghcr.io,70.78
2025-08-26T18:14:05Z,quay.io,74.54
2025-08-26T18:15:25Z,ghcr.io,71.84
2025-08-26T18:30:41Z,quay.io,73.45
2025-08-26T18:32:00Z,ghcr.io,72.28
2025-08-26T18:44:22Z,quay.io,72.76
2025-08-26T18:45:41Z,ghcr.io,70.59
2025-08-26T18:54:10Z,quay.io,71.97
2025-08-26T18:55:28Z,ghcr.io,70.26
2025-08-26T19:03:49Z,quay.io,72.20
2025-08-26T19:05:07Z,ghcr.io,70.15
2025-08-26T19:15:34Z,quay.io,72.20
2025-08-26T19:16:52Z,ghcr.io,71.74
2025-08-26T19:25:10Z,quay.io,73.31
2025-08-26T19:26:29Z,ghcr.io,72.61
2025-08-26T19:34:15Z,quay.io,72.61
2025-08-26T19:35:33Z,ghcr.io,70.87
2025-08-26T19:42:32Z,quay.io,72.81
2025-08-26T19:43:50Z,ghcr.io,71.14
2025-08-26T19:51:07Z,quay.io,72.49
2025-08-26T19:52:25Z,ghcr.io,69.62
2025-08-26T19:59:26Z,quay.io,74.13
2025-08-26T20:00:46Z,ghcr.io,73.18
2025-08-26T20:11:23Z,quay.io,73.97
2025-08-26T20:12:43Z,ghcr.io,71.95
2025-08-26T20:26:10Z,quay.io,78.18
2025-08-26T20:27:34Z,ghcr.io,71.77
2025-08-26T20:37:03Z,quay.io,73.81
2025-08-26T20:38:23Z,ghcr.io,72.70
2025-08-26T20:45:59Z,quay.io,85.45
2025-08-26T20:47:30Z,ghcr.io,70.50
2025-08-26T20:54:40Z,quay.io,81.44
2025-08-26T20:56:07Z,ghcr.io,71.77
2025-08-26T21:04:37Z,quay.io,73.44
2025-08-26T21:05:56Z,ghcr.io,72.49
2025-08-26T21:16:54Z,quay.io,72.99
2025-08-26T21:18:13Z,ghcr.io,72.56
2025-08-26T21:27:46Z,quay.io,73.49
2025-08-26T21:29:05Z,ghcr.io,71.49
2025-08-26T21:37:03Z,quay.io,71.82
2025-08-26T21:38:20Z,ghcr.io,70.54
2025-08-26T21:45:46Z,quay.io,72.28
2025-08-26T21:47:04Z,ghcr.io,69.94
2025-08-26T21:54:16Z,quay.io,72.51
2025-08-26T21:55:34Z,ghcr.io,71.16
2025-08-26T22:04:16Z,quay.io,72.36
2025-08-26T22:05:34Z,ghcr.io,72.15
2025-08-26T22:16:44Z,quay.io,72.19
2025-08-26T22:18:02Z,ghcr.io,69.99
2025-08-26T22:29:56Z,quay.io,73.28
2025-08-26T22:31:15Z,ghcr.io,72.12
2025-08-26T22:40:12Z,quay.io,74.62
2025-08-26T22:41:33Z,ghcr.io,71.35
2025-08-26T22:48:44Z,quay.io,72.26
2025-08-26T22:50:02Z,ghcr.io,70.55
2025-08-26T22:57:16Z,quay.io,71.95
2025-08-26T22:58:33Z,ghcr.io,70.58
2025-08-26T23:08:15Z,quay.io,73.73
2025-08-26T23:09:34Z,ghcr.io,72.10
2025-08-26T23:21:32Z,quay.io,73.58
2025-08-26T23:22:51Z,ghcr.io,71.20
2025-08-26T23:30:57Z,quay.io,72.69
2025-08-26T23:32:15Z,ghcr.io,71.57
2025-08-26T23:40:14Z,quay.io,73.29
2025-08-26T23:41:33Z,ghcr.io,178.57
2025-08-26T23:48:48Z,quay.io,72.76
2025-08-26T23:50:06Z,ghcr.io,70.65
2025-08-26T23:57:05Z,quay.io,73.91
2025-08-26T23:58:25Z,ghcr.io,71.85
2025-08-27T00:34:20Z,quay.io,73.99
2025-08-27T00:35:40Z,ghcr.io,71.40
2025-08-27T01:02:50Z,quay.io,72.98
2025-08-27T01:04:09Z,ghcr.io,72.51
2025-08-27T01:43:58Z,quay.io,74.09
2025-08-27T01:45:18Z,ghcr.io,71.54
2025-08-27T02:18:57Z,quay.io,115.39
2025-08-27T02:20:58Z,ghcr.io,71.72
2025-08-27T02:51:15Z,quay.io,80.00
2025-08-27T02:52:41Z,ghcr.io,70.81
2025-08-27T03:13:48Z,quay.io,72.99
2025-08-27T03:15:06Z,ghcr.io,71.20
2025-08-27T03:31:47Z,quay.io,79.51
2025-08-27T03:33:12Z,ghcr.io,69.67
2025-08-27T03:46:07Z,quay.io,73.37
2025-08-27T03:47:26Z,ghcr.io,71.62
2025-08-27T03:55:27Z,quay.io,73.49
2025-08-27T03:56:46Z,ghcr.io,70.43
2025-08-27T04:07:54Z,quay.io,74.43
2025-08-27T04:09:15Z,ghcr.io,71.77
2025-08-27T04:22:02Z,quay.io,72.37
2025-08-27T04:23:20Z,ghcr.io,68.51
2025-08-27T04:35:15Z,quay.io,79.50
2025-08-27T04:36:40Z,ghcr.io,69.72
2025-08-27T04:45:39Z,quay.io,71.89
2025-08-27T04:46:57Z,ghcr.io,69.97
2025-08-27T04:54:29Z,quay.io,73.14
2025-08-27T04:55:48Z,ghcr.io,70.37
2025-08-27T05:05:27Z,quay.io,96.55
2025-08-27T05:07:10Z,ghcr.io,71.92
2025-08-27T05:18:05Z,quay.io,72.96
2025-08-27T05:19:24Z,ghcr.io,70.02
2025-08-27T05:31:07Z,quay.io,72.97
2025-08-27T05:32:26Z,ghcr.io,71.34
2025-08-27T05:41:13Z,quay.io,72.26
2025-08-27T05:42:30Z,ghcr.io,71.03
2025-08-27T05:49:34Z,quay.io,71.94
2025-08-27T05:50:52Z,ghcr.io,70.53
2025-08-27T05:57:47Z,quay.io,72.50
2025-08-27T05:59:05Z,ghcr.io,70.24
2025-08-27T06:12:06Z,quay.io,73.42
2025-08-27T06:13:25Z,ghcr.io,72.49
2025-08-27T06:28:06Z,quay.io,73.08
2025-08-27T06:29:25Z,ghcr.io,71.83
2025-08-27T06:43:22Z,quay.io,73.59
2025-08-27T06:44:41Z,ghcr.io,70.79
2025-08-27T06:53:37Z,quay.io,80.32
2025-08-27T06:55:03Z,ghcr.io,70.76
2025-08-27T07:03:33Z,quay.io,72.59
2025-08-27T07:04:52Z,ghcr.io,71.43
2025-08-27T07:15:49Z,quay.io,73.31
2025-08-27T07:17:08Z,ghcr.io,71.26
2025-08-27T07:27:40Z,quay.io,71.84
2025-08-27T07:28:58Z,ghcr.io,69.36
2025-08-27T07:36:51Z,quay.io,72.55
2025-08-27T07:38:09Z,ghcr.io,70.41
2025-08-27T07:45:43Z,quay.io,72.35
2025-08-27T07:47:01Z,ghcr.io,71.72
2025-08-27T07:54:09Z,quay.io,73.09
2025-08-27T07:55:28Z,ghcr.io,71.66
2025-08-27T08:05:24Z,quay.io,70.76
2025-08-27T08:06:41Z,ghcr.io,68.90
2025-08-27T08:19:20Z,quay.io,73.48
2025-08-27T08:20:39Z,ghcr.io,70.80
2025-08-27T08:35:12Z,quay.io,78.17
2025-08-27T08:36:36Z,ghcr.io,70.19
2025-08-27T08:47:24Z,quay.io,77.78
2025-08-27T08:48:48Z,ghcr.io,70.54
2025-08-27T08:56:26Z,quay.io,74.31
2025-08-27T08:57:46Z,ghcr.io,71.41
2025-08-27T09:08:48Z,quay.io,83.03
2025-08-27T09:10:17Z,ghcr.io,71.87
2025-08-27T09:22:45Z,quay.io,72.11
2025-08-27T09:24:03Z,ghcr.io,72.55
2025-08-27T09:34:06Z,quay.io,73.72
2025-08-27T09:35:25Z,ghcr.io,77.23
2025-08-27T09:44:06Z,quay.io,72.62
2025-08-27T09:45:24Z,ghcr.io,70.89
2025-08-27T09:52:13Z,quay.io,72.07
2025-08-27T09:53:31Z,ghcr.io,71.25
2025-08-27T10:00:56Z,quay.io,93.25
2025-08-27T10:02:35Z,ghcr.io,70.87
2025-08-27T10:12:53Z,quay.io,75.29
2025-08-27T10:14:14Z,ghcr.io,70.66
2025-08-27T10:27:34Z,quay.io,72.99
2025-08-27T10:28:52Z,ghcr.io,70.34
2025-08-27T10:39:09Z,quay.io,92.03
2025-08-27T10:40:46Z,ghcr.io,69.61
2025-08-27T10:48:06Z,quay.io,70.93
2025-08-27T10:49:22Z,ghcr.io,69.05
2025-08-27T10:56:31Z,quay.io,72.98
2025-08-27T10:57:50Z,ghcr.io,69.89
2025-08-27T11:07:40Z,quay.io,73.97
2025-08-27T11:09:00Z,ghcr.io,72.21
2025-08-27T11:20:11Z,quay.io,72.32
2025-08-27T11:21:29Z,ghcr.io,70.47
2025-08-27T11:29:18Z,quay.io,89.85
2025-08-27T11:30:53Z,ghcr.io,70.34
2025-08-27T11:38:23Z,quay.io,72.56
2025-08-27T11:39:41Z,ghcr.io,69.44
2025-08-27T11:47:05Z,quay.io,74.54
2025-08-27T11:48:25Z,ghcr.io,72.01
2025-08-27T11:55:50Z,quay.io,72.94
2025-08-27T11:57:08Z,ghcr.io,70.15
2025-08-27T12:11:55Z,quay.io,73.87
2025-08-27T12:13:15Z,ghcr.io,72.60
2025-08-27T12:29:05Z,quay.io,72.83
2025-08-27T12:30:23Z,ghcr.io,71.68
2025-08-27T12:52:17Z,quay.io,72.18
2025-08-27T12:53:35Z,ghcr.io,70.98
2025-08-27T13:08:11Z,quay.io,73.54
2025-08-27T13:09:30Z,ghcr.io,73.30
2025-08-27T13:23:28Z,quay.io,73.64
2025-08-27T13:24:47Z,ghcr.io,71.22
2025-08-27T13:38:09Z,quay.io,72.43
2025-08-27T13:39:27Z,ghcr.io,71.42
2025-08-27T13:48:23Z,quay.io,81.79
2025-08-27T13:49:51Z,ghcr.io,69.58
2025-08-27T13:57:05Z,quay.io,72.17
2025-08-27T13:58:23Z,ghcr.io,70.01
2025-08-27T14:08:09Z,quay.io,72.03
2025-08-27T14:09:27Z,ghcr.io,70.69
2025-08-27T14:21:31Z,quay.io,72.30
2025-08-27T14:22:49Z,ghcr.io,70.80
2025-08-27T14:34:01Z,quay.io,72.50
2025-08-27T14:35:19Z,ghcr.io,71.48
2025-08-27T14:44:58Z,quay.io,72.90
2025-08-27T14:46:17Z,ghcr.io,71.40
2025-08-27T14:53:35Z,quay.io,71.94
2025-08-27T14:54:53Z,ghcr.io,71.35
2025-08-27T15:03:48Z,quay.io,72.60
2025-08-27T15:05:06Z,ghcr.io,71.80
2025-08-27T15:16:30Z,quay.io,73.65
2025-08-27T15:17:49Z,ghcr.io,72.74
2025-08-27T15:29:51Z,quay.io,72.34
2025-08-27T15:31:09Z,ghcr.io,71.11
2025-08-27T15:40:20Z,quay.io,72.88
2025-08-27T15:41:38Z,ghcr.io,71.05
2025-08-27T15:48:59Z,quay.io,71.71
2025-08-27T15:50:17Z,ghcr.io,70.59
2025-08-27T15:57:15Z,quay.io,73.60
2025-08-27T15:58:34Z,ghcr.io,69.41
2025-08-27T16:09:49Z,quay.io,72.37
2025-08-27T16:11:07Z,ghcr.io,70.70
2025-08-27T16:24:38Z,quay.io,73.61
2025-08-27T16:25:58Z,ghcr.io,71.24
2025-08-27T16:39:01Z,quay.io,74.36
2025-08-27T16:40:21Z,ghcr.io,71.68
2025-08-27T16:50:03Z,quay.io,73.53
2025-08-27T16:51:22Z,ghcr.io,72.84
2025-08-27T16:58:42Z,quay.io,72.65
2025-08-27T17:00:01Z,ghcr.io,74.59
2025-08-27T17:09:47Z,quay.io,73.83
2025-08-27T17:11:06Z,ghcr.io,71.38
2025-08-27T17:23:02Z,quay.io,73.89
2025-08-27T17:24:22Z,ghcr.io,70.32
2025-08-27T17:33:48Z,quay.io,74.63
2025-08-27T17:35:08Z,ghcr.io,71.35
2025-08-27T17:43:25Z,quay.io,72.73
2025-08-27T17:44:43Z,ghcr.io,71.61
2025-08-27T17:51:39Z,quay.io,71.90
2025-08-27T17:52:56Z,ghcr.io,69.62
2025-08-27T18:00:13Z,quay.io,95.14
2025-08-27T18:01:54Z,ghcr.io,71.11
2025-08-27T18:12:42Z,quay.io,72.12
2025-08-27T18:13:59Z,ghcr.io,69.73
2025-08-27T18:28:46Z,quay.io,118.27
2025-08-27T18:30:50Z,ghcr.io,69.96
2025-08-27T18:42:07Z,quay.io,72.18
2025-08-27T18:43:25Z,ghcr.io,69.57
2025-08-27T18:52:03Z,quay.io,71.58
2025-08-27T18:53:20Z,ghcr.io,69.41
2025-08-27T19:00:20Z,quay.io,72.91
2025-08-27T19:01:39Z,ghcr.io,72.60
2025-08-27T19:11:48Z,quay.io,72.92
2025-08-27T19:13:06Z,ghcr.io,71.24
2025-08-27T19:23:01Z,quay.io,72.33
2025-08-27T19:24:19Z,ghcr.io,71.39
2025-08-27T19:31:38Z,quay.io,72.28
2025-08-27T19:32:56Z,ghcr.io,70.26
2025-08-27T19:40:27Z,quay.io,72.38
2025-08-27T19:41:45Z,ghcr.io,70.73
2025-08-27T19:49:10Z,quay.io,72.58
2025-08-27T19:50:28Z,ghcr.io,71.53
2025-08-27T19:57:29Z,quay.io,86.52
2025-08-27T19:59:01Z,ghcr.io,90.32
2025-08-27T20:09:08Z,quay.io,75.62
2025-08-27T20:10:30Z,ghcr.io,71.50
2025-08-27T20:23:19Z,quay.io,73.21
2025-08-27T20:24:38Z,ghcr.io,70.80
2025-08-27T20:34:36Z,quay.io,71.80
2025-08-27T20:35:53Z,ghcr.io,68.80
2025-08-27T20:44:34Z,quay.io,72.68
2025-08-27T20:45:53Z,ghcr.io,71.18
2025-08-27T20:53:01Z,quay.io,73.65
2025-08-27T20:54:21Z,ghcr.io,72.74
2025-08-27T21:02:11Z,quay.io,71.87
2025-08-27T21:03:29Z,ghcr.io,70.31
2025-08-27T21:14:03Z,quay.io,73.17
2025-08-27T21:15:21Z,ghcr.io,69.68
2025-08-27T21:25:58Z,quay.io,77.66
2025-08-27T21:27:21Z,ghcr.io,69.87
2025-08-27T21:35:14Z,quay.io,72.44
2025-08-27T21:36:32Z,ghcr.io,69.65
2025-08-27T21:43:34Z,quay.io,70.37
2025-08-27T21:44:50Z,ghcr.io,67.96
2025-08-27T21:52:16Z,quay.io,94.05
2025-08-27T21:53:56Z,ghcr.io,70.06
2025-08-27T22:00:44Z,quay.io,73.87
2025-08-27T22:02:04Z,ghcr.io,73.75
2025-08-27T22:12:18Z,quay.io,73.71
2025-08-27T22:13:38Z,ghcr.io,71.94
2025-08-27T22:25:52Z,quay.io,71.61
2025-08-27T22:27:09Z,ghcr.io,69.55
2025-08-27T22:36:58Z,quay.io,74.30
2025-08-27T22:38:18Z,ghcr.io,73.32
2025-08-27T22:45:07Z,quay.io,70.91
2025-08-27T22:46:24Z,ghcr.io,70.12
2025-08-27T22:53:43Z,quay.io,72.75
2025-08-27T22:55:02Z,ghcr.io,70.49
2025-08-27T23:03:38Z,quay.io,71.72
2025-08-27T23:04:55Z,ghcr.io,70.46
2025-08-27T23:15:42Z,quay.io,73.06
2025-08-27T23:17:01Z,ghcr.io,72.62
2025-08-27T23:27:08Z,quay.io,72.56
2025-08-27T23:28:27Z,ghcr.io,71.52
2025-08-27T23:36:17Z,quay.io,73.92
2025-08-27T23:37:37Z,ghcr.io,71.29
2025-08-27T23:44:24Z,quay.io,71.63
2025-08-27T23:45:41Z,ghcr.io,70.10
2025-08-27T23:53:04Z,quay.io,90.86
2025-08-27T23:54:41Z,ghcr.io,71.78
2025-08-28T00:07:17Z,quay.io,73.10
2025-08-28T00:08:36Z,ghcr.io,70.47
2025-08-28T00:36:04Z,quay.io,71.06
2025-08-28T00:37:20Z,ghcr.io,69.66
2025-08-28T01:05:19Z,quay.io,72.68
2025-08-28T01:06:38Z,ghcr.io,70.71
2025-08-28T01:47:15Z,quay.io,71.58
2025-08-28T01:48:32Z,ghcr.io,69.73
2025-08-28T02:22:15Z,quay.io,73.80
2025-08-28T02:23:35Z,ghcr.io,70.15
2025-08-28T02:52:05Z,quay.io,72.34
2025-08-28T02:53:23Z,ghcr.io,70.21
2025-08-28T03:14:22Z,quay.io,74.75
2025-08-28T03:15:42Z,ghcr.io,72.14
2025-08-28T03:32:26Z,quay.io,77.77
2025-08-28T03:33:50Z,ghcr.io,69.91
2025-08-28T03:46:15Z,quay.io,73.49
2025-08-28T03:47:34Z,ghcr.io,72.47
2025-08-28T03:55:48Z,quay.io,73.35
2025-08-28T03:57:07Z,ghcr.io,70.70
2025-08-28T04:08:34Z,quay.io,74.18
2025-08-28T04:09:54Z,ghcr.io,71.15
2025-08-28T04:22:41Z,quay.io,71.34
2025-08-28T04:23:58Z,ghcr.io,70.36
2025-08-28T04:35:42Z,quay.io,73.11
2025-08-28T04:37:01Z,ghcr.io,70.67
2025-08-28T04:45:54Z,quay.io,72.86
2025-08-28T04:47:12Z,ghcr.io,70.47
2025-08-28T04:54:33Z,quay.io,73.24
2025-08-28T04:55:52Z,ghcr.io,71.63
2025-08-28T05:05:22Z,quay.io,80.54
2025-08-28T05:06:48Z,ghcr.io,72.73
2025-08-28T05:18:16Z,quay.io,73.74
2025-08-28T05:19:36Z,ghcr.io,71.22
2025-08-28T05:31:18Z,quay.io,73.32
2025-08-28T05:32:37Z,ghcr.io,70.81
2025-08-28T05:41:35Z,quay.io,72.23
2025-08-28T05:42:53Z,ghcr.io,69.65
2025-08-28T05:50:00Z,quay.io,72.62
2025-08-28T05:51:18Z,ghcr.io,70.38
2025-08-28T05:58:37Z,quay.io,72.04
2025-08-28T05:59:55Z,ghcr.io,71.37
2025-08-28T06:12:36Z,quay.io,71.11
2025-08-28T06:13:52Z,ghcr.io,69.42
2025-08-28T06:28:49Z,quay.io,72.59
2025-08-28T06:30:07Z,ghcr.io,70.17
2025-08-28T06:44:43Z,quay.io,75.16
2025-08-28T06:46:04Z,ghcr.io,72.09
2025-08-28T06:55:02Z,quay.io,77.95
2025-08-28T06:56:26Z,ghcr.io,72.37
2025-08-28T07:06:28Z,quay.io,71.63
2025-08-28T07:07:45Z,ghcr.io,69.14
2025-08-28T07:19:36Z,quay.io,72.06
2025-08-28T07:20:53Z,ghcr.io,70.61
2025-08-28T07:30:47Z,quay.io,73.55
2025-08-28T07:32:06Z,ghcr.io,70.59
2025-08-28T07:40:20Z,quay.io,73.62
2025-08-28T07:41:39Z,ghcr.io,72.85
2025-08-28T07:48:51Z,quay.io,72.33
2025-08-28T07:50:09Z,ghcr.io,70.18
2025-08-28T07:57:05Z,quay.io,70.18
2025-08-28T07:58:21Z,ghcr.io,68.84
2025-08-28T08:11:11Z,quay.io,72.41
2025-08-28T08:12:29Z,ghcr.io,70.36
2025-08-28T08:26:32Z,quay.io,70.57
2025-08-28T08:27:48Z,ghcr.io,70.07
2025-08-28T08:40:48Z,quay.io,71.81
2025-08-28T08:42:05Z,ghcr.io,70.26
2025-08-28T08:51:56Z,quay.io,72.61
2025-08-28T08:53:14Z,ghcr.io,71.48
2025-08-28T09:00:14Z,quay.io,71.99
2025-08-28T09:01:32Z,ghcr.io,73.74
2025-08-28T09:12:04Z,quay.io,72.80
2025-08-28T09:13:23Z,ghcr.io,70.56
2025-08-28T09:26:49Z,quay.io,71.48
2025-08-28T09:28:06Z,ghcr.io,69.75
2025-08-28T09:37:25Z,quay.io,72.38
2025-08-28T09:38:42Z,ghcr.io,70.47
2025-08-28T09:46:20Z,quay.io,82.31
2025-08-28T09:47:48Z,ghcr.io,71.61
2025-08-28T09:54:59Z,quay.io,72.42
2025-08-28T09:56:17Z,ghcr.io,70.10
2025-08-28T10:06:04Z,quay.io,72.73
2025-08-28T10:07:23Z,ghcr.io,71.11
2025-08-28T10:19:19Z,quay.io,71.59
2025-08-28T10:20:36Z,ghcr.io,69.15
2025-08-28T10:33:36Z,quay.io,71.37
2025-08-28T10:34:53Z,ghcr.io,69.85
2025-08-28T10:44:21Z,quay.io,72.78
2025-08-28T10:45:39Z,ghcr.io,70.16
2025-08-28T10:53:03Z,quay.io,72.73
2025-08-28T10:54:21Z,ghcr.io,71.15
2025-08-28T11:02:17Z,quay.io,71.74
2025-08-28T11:03:34Z,ghcr.io,70.29
2025-08-28T11:13:55Z,quay.io,72.05
2025-08-28T11:15:13Z,ghcr.io,71.17
2025-08-28T11:25:07Z,quay.io,74.61
2025-08-28T11:26:27Z,ghcr.io,75.65
2025-08-28T11:34:19Z,quay.io,75.91
2025-08-28T11:35:41Z,ghcr.io,70.97
2025-08-28T11:42:33Z,quay.io,78.82
2025-08-28T11:43:57Z,ghcr.io,70.54
2025-08-28T11:51:08Z,quay.io,72.33
2025-08-28T11:52:26Z,ghcr.io,71.24
2025-08-28T11:59:42Z,quay.io,159.44
2025-08-28T12:02:27Z,ghcr.io,70.58
2025-08-28T12:14:36Z,quay.io,73.42
2025-08-28T12:15:55Z,ghcr.io,70.92
2025-08-28T12:32:38Z,quay.io,71.28
2025-08-28T12:33:55Z,ghcr.io,70.36
2025-08-28T12:55:17Z,quay.io,72.60
2025-08-28T12:56:35Z,ghcr.io,70.52
2025-08-28T13:14:04Z,quay.io,72.77
2025-08-28T13:15:23Z,ghcr.io,73.99
2025-08-28T13:30:28Z,quay.io,72.61
2025-08-28T13:31:46Z,ghcr.io,72.46
2025-08-28T13:42:53Z,quay.io,72.37
2025-08-28T13:44:11Z,ghcr.io,76.93
2025-08-28T13:51:49Z,quay.io,72.82
2025-08-28T13:53:07Z,ghcr.io,71.83
2025-08-28T13:59:53Z,quay.io,73.14
2025-08-28T14:01:12Z,ghcr.io,72.55
2025-08-28T14:11:42Z,quay.io,73.60
2025-08-28T14:13:01Z,ghcr.io,72.44
2025-08-28T14:26:14Z,quay.io,71.80
2025-08-28T14:27:31Z,ghcr.io,73.16
2025-08-28T14:39:04Z,quay.io,72.47
2025-08-28T14:40:22Z,ghcr.io,70.57
2025-08-28T14:48:53Z,quay.io,72.69
2025-08-28T14:50:11Z,ghcr.io,71.22
2025-08-28T14:57:32Z,quay.io,90.89
2025-08-28T14:59:09Z,ghcr.io,74.13
2025-08-28T15:08:55Z,quay.io,72.41
2025-08-28T15:10:13Z,ghcr.io,71.97
2025-08-28T15:22:53Z,quay.io,86.50
2025-08-28T15:24:25Z,ghcr.io,70.85
2025-08-28T15:34:06Z,quay.io,72.71
2025-08-28T15:35:25Z,ghcr.io,72.11
2025-08-28T15:44:09Z,quay.io,71.15
2025-08-28T15:45:26Z,ghcr.io,70.24
2025-08-28T15:52:54Z,quay.io,71.08
2025-08-28T15:54:10Z,ghcr.io,69.65
2025-08-28T16:02:20Z,quay.io,71.30
2025-08-28T16:03:37Z,ghcr.io,72.72
2025-08-28T16:15:23Z,quay.io,73.43
2025-08-28T16:16:42Z,ghcr.io,70.63
2025-08-28T16:31:41Z,quay.io,74.43
2025-08-28T16:33:01Z,ghcr.io,72.77
2025-08-28T16:43:53Z,quay.io,72.74
2025-08-28T16:45:11Z,ghcr.io,70.75
2025-08-28T16:53:50Z,quay.io,71.46
2025-08-28T16:55:07Z,ghcr.io,69.38
2025-08-28T17:03:27Z,quay.io,76.29
2025-08-28T17:04:49Z,ghcr.io,71.53
2025-08-28T17:15:19Z,quay.io,90.24
2025-08-28T17:16:55Z,ghcr.io,71.43
2025-08-28T17:28:06Z,quay.io,74.08
2025-08-28T17:29:26Z,ghcr.io,70.92
2025-08-28T17:38:10Z,quay.io,74.04
2025-08-28T17:39:30Z,ghcr.io,71.67
2025-08-28T17:46:47Z,quay.io,71.87
2025-08-28T17:48:05Z,ghcr.io,70.99
2025-08-28T17:55:08Z,quay.io,73.46
2025-08-28T17:56:27Z,ghcr.io,70.04
2025-08-28T18:08:00Z,quay.io,73.00
2025-08-28T18:09:19Z,ghcr.io,70.42
2025-08-28T18:22:43Z,quay.io,74.00
2025-08-28T18:24:03Z,ghcr.io,71.40
2025-08-28T18:38:52Z,quay.io,72.49
2025-08-28T18:40:10Z,ghcr.io,72.13
2025-08-28T18:50:45Z,quay.io,73.48
2025-08-28T18:52:04Z,ghcr.io,71.09
2025-08-28T18:58:52Z,quay.io,71.01
2025-08-28T19:00:09Z,ghcr.io,73.20
2025-08-28T19:09:52Z,quay.io,72.74
2025-08-28T19:11:11Z,ghcr.io,70.52
2025-08-28T19:21:31Z,quay.io,77.66
2025-08-28T19:22:54Z,ghcr.io,70.75
2025-08-28T19:29:43Z,quay.io,92.63
2025-08-28T19:31:21Z,ghcr.io,69.99
2025-08-28T19:38:50Z,quay.io,72.36
2025-08-28T19:40:08Z,ghcr.io,70.52
2025-08-28T19:47:08Z,quay.io,72.90
2025-08-28T19:48:27Z,ghcr.io,71.14
2025-08-28T19:55:24Z,quay.io,71.91
2025-08-28T19:56:42Z,ghcr.io,70.13
2025-08-28T20:07:23Z,quay.io,72.97
2025-08-28T20:08:41Z,ghcr.io,70.20
2025-08-28T20:20:59Z,quay.io,72.13
2025-08-28T20:22:17Z,ghcr.io,69.71
2025-08-28T20:33:02Z,quay.io,73.43
2025-08-28T20:34:21Z,ghcr.io,70.95
2025-08-28T20:43:00Z,quay.io,76.23
2025-08-28T20:44:21Z,ghcr.io,70.93
2025-08-28T20:51:35Z,quay.io,77.37
2025-08-28T20:52:58Z,ghcr.io,69.34
2025-08-28T20:59:59Z,quay.io,73.31
2025-08-28T21:01:18Z,ghcr.io,71.65
2025-08-28T21:11:27Z,quay.io,73.18
2025-08-28T21:12:46Z,ghcr.io,70.69
2025-08-28T21:23:59Z,quay.io,72.25
2025-08-28T21:25:17Z,ghcr.io,70.32
2025-08-28T21:33:32Z,quay.io,71.96
2025-08-28T21:34:50Z,ghcr.io,69.62
2025-08-28T21:42:10Z,quay.io,72.76
2025-08-28T21:43:28Z,ghcr.io,70.61
2025-08-28T21:50:42Z,quay.io,71.49
2025-08-28T21:51:59Z,ghcr.io,69.15
2025-08-28T21:59:07Z,quay.io,71.83
2025-08-28T22:00:24Z,ghcr.io,71.48
2025-08-28T22:10:25Z,quay.io,71.63
2025-08-28T22:11:42Z,ghcr.io,69.93
2025-08-28T22:24:11Z,quay.io,75.57
2025-08-28T22:25:33Z,ghcr.io,71.26
2025-08-28T22:34:59Z,quay.io,73.15
2025-08-28T22:36:18Z,ghcr.io,71.80
2025-08-28T22:43:46Z,quay.io,73.31
2025-08-28T22:45:05Z,ghcr.io,71.29
2025-08-28T22:52:24Z,quay.io,72.52
2025-08-28T22:53:42Z,ghcr.io,70.55
2025-08-28T23:01:11Z,quay.io,72.43
2025-08-28T23:02:29Z,ghcr.io,71.21
2025-08-28T23:12:55Z,quay.io,73.66
2025-08-28T23:14:14Z,ghcr.io,70.49
2025-08-28T23:25:06Z,quay.io,71.74
2025-08-28T23:26:24Z,ghcr.io,69.30
2025-08-28T23:34:10Z,quay.io,71.90
2025-08-28T23:35:28Z,ghcr.io,71.34
2025-08-28T23:42:48Z,quay.io,72.02
2025-08-28T23:44:06Z,ghcr.io,70.87
2025-08-28T23:51:29Z,quay.io,72.00
2025-08-28T23:52:46Z,ghcr.io,70.11
2025-08-28T23:59:38Z,quay.io,76.58
2025-08-29T00:01:00Z,ghcr.io,111.66
2025-08-29T00:35:02Z,quay.io,72.49
2025-08-29T00:36:20Z,ghcr.io,72.61
2025-08-29T01:03:45Z,quay.io,71.24
2025-08-29T01:05:02Z,ghcr.io,69.31
2025-08-29T01:45:00Z,quay.io,71.17
2025-08-29T01:46:17Z,ghcr.io,70.41
2025-08-29T02:19:39Z,quay.io,70.58
2025-08-29T02:20:56Z,ghcr.io,69.00
2025-08-29T02:51:20Z,quay.io,85.89
2025-08-29T02:52:52Z,ghcr.io,71.62
2025-08-29T03:13:44Z,quay.io,72.55
2025-08-29T03:15:02Z,ghcr.io,69.78
2025-08-29T03:31:38Z,quay.io,72.48
2025-08-29T03:32:56Z,ghcr.io,69.14
2025-08-29T03:45:27Z,quay.io,71.93
2025-08-29T03:46:45Z,ghcr.io,69.13
2025-08-29T03:54:51Z,quay.io,72.23
2025-08-29T03:56:09Z,ghcr.io,70.68
2025-08-29T04:06:31Z,quay.io,71.66
2025-08-29T04:07:48Z,ghcr.io,69.53
2025-08-29T04:20:13Z,quay.io,72.36
2025-08-29T04:21:31Z,ghcr.io,70.01
2025-08-29T04:33:59Z,quay.io,71.38
2025-08-29T04:35:16Z,ghcr.io,70.07
2025-08-29T04:44:33Z,quay.io,74.58
2025-08-29T04:45:53Z,ghcr.io,73.08
2025-08-29T04:53:04Z,quay.io,72.84
2025-08-29T04:54:22Z,ghcr.io,71.22
2025-08-29T05:02:13Z,quay.io,70.74
2025-08-29T05:03:29Z,ghcr.io,69.10
2025-08-29T05:14:17Z,quay.io,72.70
2025-08-29T05:15:36Z,ghcr.io,69.88
2025-08-29T05:27:53Z,quay.io,74.43
2025-08-29T05:29:14Z,ghcr.io,71.39
2025-08-29T05:38:21Z,quay.io,70.70
2025-08-29T05:39:37Z,ghcr.io,69.42
2025-08-29T05:47:05Z,quay.io,71.98
2025-08-29T05:48:23Z,ghcr.io,71.84
2025-08-29T06:10:20Z,quay.io,73.31
2025-08-29T06:11:39Z,ghcr.io,71.72
2025-08-29T06:26:01Z,quay.io,72.46
2025-08-29T06:27:19Z,ghcr.io,71.21
2025-08-29T06:42:17Z,quay.io,74.52
2025-08-29T06:43:37Z,ghcr.io,72.18
2025-08-29T06:52:44Z,quay.io,73.48
2025-08-29T06:54:03Z,ghcr.io,72.11
2025-08-29T07:02:19Z,quay.io,72.18
2025-08-29T07:03:37Z,ghcr.io,71.45
2025-08-29T07:14:38Z,quay.io,72.07
2025-08-29T07:15:56Z,ghcr.io,70.88
2025-08-29T07:26:54Z,quay.io,70.89
2025-08-29T07:28:10Z,ghcr.io,69.02
2025-08-29T07:36:38Z,quay.io,72.48
2025-08-29T07:37:56Z,ghcr.io,71.74
2025-08-29T07:44:39Z,quay.io,73.47
2025-08-29T07:45:58Z,ghcr.io,72.67
2025-08-29T07:53:16Z,quay.io,72.15
2025-08-29T07:54:34Z,ghcr.io,71.12
2025-08-29T08:03:21Z,quay.io,70.55
2025-08-29T08:04:37Z,ghcr.io,69.78
2025-08-29T08:16:30Z,quay.io,72.62
2025-08-29T08:17:48Z,ghcr.io,69.99
2025-08-29T08:33:23Z,quay.io,72.15
2025-08-29T08:34:41Z,ghcr.io,71.53
2025-08-29T08:45:13Z,quay.io,70.20
2025-08-29T08:46:28Z,ghcr.io,69.41
2025-08-29T08:54:30Z,quay.io,72.01
2025-08-29T08:55:48Z,ghcr.io,69.28
2025-08-29T09:05:35Z,quay.io,71.33
2025-08-29T09:06:52Z,ghcr.io,69.18
2025-08-29T09:18:53Z,quay.io,71.72
2025-08-29T09:20:11Z,ghcr.io,69.70
2025-08-29T09:31:01Z,quay.io,71.01
2025-08-29T09:32:18Z,ghcr.io,69.44
2025-08-29T09:40:55Z,quay.io,70.90
2025-08-29T09:42:12Z,ghcr.io,69.55
2025-08-29T09:49:38Z,quay.io,74.96
2025-08-29T09:50:58Z,ghcr.io,71.45
2025-08-29T09:57:53Z,quay.io,71.82
2025-08-29T09:59:11Z,ghcr.io,69.58
2025-08-29T10:09:05Z,quay.io,73.16
2025-08-29T10:10:23Z,ghcr.io,72.21
2025-08-29T10:22:58Z,quay.io,73.81
2025-08-29T10:24:17Z,ghcr.io,71.77
2025-08-29T10:35:33Z,quay.io,72.32
2025-08-29T10:36:51Z,ghcr.io,79.09
2025-08-29T10:45:16Z,quay.io,74.34
2025-08-29T10:46:36Z,ghcr.io,69.78
2025-08-29T10:53:46Z,quay.io,70.43
2025-08-29T10:55:02Z,ghcr.io,69.11
2025-08-29T11:03:24Z,quay.io,72.86
2025-08-29T11:04:43Z,ghcr.io,70.97
2025-08-29T11:15:02Z,quay.io,76.69
2025-08-29T11:16:25Z,ghcr.io,70.92
2025-08-29T11:25:26Z,quay.io,75.03
2025-08-29T11:26:47Z,ghcr.io,70.85
2025-08-29T11:34:57Z,quay.io,70.37
2025-08-29T11:36:13Z,ghcr.io,69.43
2025-08-29T11:43:26Z,quay.io,75.19
2025-08-29T11:44:47Z,ghcr.io,70.07
2025-08-29T11:52:04Z,quay.io,71.45
2025-08-29T11:53:21Z,ghcr.io,71.14
2025-08-29T12:00:16Z,quay.io,79.22
2025-08-29T12:01:41Z,ghcr.io,70.26
2025-08-29T12:14:41Z,quay.io,72.47
2025-08-29T12:16:00Z,ghcr.io,70.78
2025-08-29T12:32:52Z,quay.io,79.14
2025-08-29T12:34:17Z,ghcr.io,70.10
2025-08-29T12:54:27Z,quay.io,73.64
2025-08-29T12:55:46Z,ghcr.io,72.33
2025-08-29T13:11:04Z,quay.io,71.83
2025-08-29T13:12:22Z,ghcr.io,70.42
2025-08-29T13:26:57Z,quay.io,71.99
2025-08-29T13:28:14Z,ghcr.io,70.68
2025-08-29T13:39:43Z,quay.io,72.69
2025-08-29T13:41:01Z,ghcr.io,71.03
2025-08-29T13:48:34Z,quay.io,72.82
2025-08-29T13:49:53Z,ghcr.io,71.28
2025-08-29T13:56:40Z,quay.io,71.63
2025-08-29T13:57:57Z,ghcr.io,70.27
2025-08-29T14:08:08Z,quay.io,75.32
2025-08-29T14:09:29Z,ghcr.io,72.64
2025-08-29T14:21:23Z,quay.io,85.56
2025-08-29T14:22:55Z,ghcr.io,70.78
2025-08-29T14:33:44Z,quay.io,71.33
2025-08-29T14:35:01Z,ghcr.io,70.19
2025-08-29T14:44:09Z,quay.io,71.00
2025-08-29T14:45:26Z,ghcr.io,69.93
2025-08-29T14:52:46Z,quay.io,71.97
2025-08-29T14:54:04Z,ghcr.io,71.04
2025-08-29T15:01:52Z,quay.io,71.58
2025-08-29T15:03:09Z,ghcr.io,69.39
2025-08-29T15:13:42Z,quay.io,71.52
2025-08-29T15:14:59Z,ghcr.io,70.03
2025-08-29T15:26:31Z,quay.io,72.23
2025-08-29T15:27:48Z,ghcr.io,70.41
2025-08-29T15:36:25Z,quay.io,72.19
2025-08-29T15:37:43Z,ghcr.io,71.21
2025-08-29T15:45:06Z,quay.io,79.16
2025-08-29T15:46:31Z,ghcr.io,70.03
2025-08-29T15:53:53Z,quay.io,76.64
2025-08-29T15:55:16Z,ghcr.io,71.03
2025-08-29T16:04:20Z,quay.io,74.55
2025-08-29T16:05:40Z,ghcr.io,69.51
2025-08-29T16:17:32Z,quay.io,73.44
2025-08-29T16:18:51Z,ghcr.io,70.64
2025-08-29T16:33:11Z,quay.io,71.38
2025-08-29T16:34:28Z,ghcr.io,69.38
2025-08-29T16:45:12Z,quay.io,73.36
2025-08-29T16:46:31Z,ghcr.io,71.99
2025-08-29T17:04:21Z,quay.io,72.08
2025-08-29T17:05:39Z,ghcr.io,69.65
2025-08-29T17:16:20Z,quay.io,73.50
2025-08-29T17:17:39Z,ghcr.io,69.45
2025-08-29T17:28:31Z,quay.io,76.65
2025-08-29T17:29:53Z,ghcr.io,70.37
2025-08-29T17:38:21Z,quay.io,71.68
2025-08-29T17:39:39Z,ghcr.io,69.56
2025-08-29T17:46:53Z,quay.io,71.18
2025-08-29T17:48:10Z,ghcr.io,69.04
2025-08-29T17:55:08Z,quay.io,74.80
2025-08-29T17:56:28Z,ghcr.io,71.64
2025-08-29T18:07:49Z,quay.io,71.91
2025-08-29T18:09:06Z,ghcr.io,69.93
2025-08-29T18:22:19Z,quay.io,108.63
2025-08-29T18:24:13Z,ghcr.io,70.75
2025-08-29T18:36:16Z,quay.io,71.44
2025-08-29T18:37:33Z,ghcr.io,70.44
2025-08-29T18:47:29Z,quay.io,72.51
2025-08-29T18:48:47Z,ghcr.io,71.47
2025-08-29T18:55:39Z,quay.io,72.37
2025-08-29T18:56:57Z,ghcr.io,69.58
2025-08-29T19:06:02Z,quay.io,72.59
2025-08-29T19:07:20Z,ghcr.io,71.34
2025-08-29T19:18:02Z,quay.io,72.04
2025-08-29T19:19:19Z,ghcr.io,71.40
2025-08-29T19:26:47Z,quay.io,72.85
2025-08-29T19:28:06Z,ghcr.io,68.55
2025-08-29T19:36:06Z,quay.io,73.49
2025-08-29T19:37:25Z,ghcr.io,70.81
2025-08-29T19:44:19Z,quay.io,82.93
2025-08-29T19:45:47Z,ghcr.io,72.12
2025-08-29T19:52:54Z,quay.io,72.32
2025-08-29T19:54:12Z,ghcr.io,70.15
2025-08-29T20:02:17Z,quay.io,71.64
2025-08-29T20:03:34Z,ghcr.io,69.59
2025-08-29T20:14:31Z,quay.io,72.22
2025-08-29T20:15:49Z,ghcr.io,70.68
2025-08-29T20:28:04Z,quay.io,73.12
2025-08-29T20:29:23Z,ghcr.io,71.30
2025-08-29T20:37:47Z,quay.io,72.35
2025-08-29T20:39:05Z,ghcr.io,69.93
2025-08-29T20:46:23Z,quay.io,72.68
2025-08-29T20:47:42Z,ghcr.io,71.49
2025-08-29T20:55:04Z,quay.io,72.80
2025-08-29T20:56:22Z,ghcr.io,70.88
2025-08-29T21:05:22Z,quay.io,71.82
2025-08-29T21:06:40Z,ghcr.io,69.61
2025-08-29T21:17:42Z,quay.io,74.98
2025-08-29T21:19:02Z,ghcr.io,69.54
2025-08-29T21:28:10Z,quay.io,73.37
2025-08-29T21:29:29Z,ghcr.io,70.66
2025-08-29T21:37:03Z,quay.io,75.51
2025-08-29T21:38:24Z,ghcr.io,72.53
2025-08-29T21:45:31Z,quay.io,72.62
2025-08-29T21:46:49Z,ghcr.io,71.44
2025-08-29T21:53:55Z,quay.io,71.34
2025-08-29T21:55:12Z,ghcr.io,69.74
2025-08-29T22:04:02Z,quay.io,72.50
2025-08-29T22:05:20Z,ghcr.io,70.72
2025-08-29T22:16:18Z,quay.io,73.38
2025-08-29T22:17:37Z,ghcr.io,70.31
2025-08-29T22:29:06Z,quay.io,72.02
2025-08-29T22:30:24Z,ghcr.io,69.88
2025-08-29T22:38:52Z,quay.io,70.58
2025-08-29T22:40:08Z,ghcr.io,68.95
2025-08-29T22:47:20Z,quay.io,71.65
2025-08-29T22:48:37Z,ghcr.io,70.07
2025-08-29T22:55:30Z,quay.io,87.61
2025-08-29T22:57:03Z,ghcr.io,69.74
2025-08-29T23:06:18Z,quay.io,71.42
2025-08-29T23:07:35Z,ghcr.io,68.93
2025-08-29T23:18:58Z,quay.io,72.76
2025-08-29T23:20:17Z,ghcr.io,70.68
2025-08-29T23:28:57Z,quay.io,71.86
2025-08-29T23:30:14Z,ghcr.io,69.48
2025-08-29T23:38:08Z,quay.io,72.33
2025-08-29T23:39:26Z,ghcr.io,70.02
2025-08-29T23:46:23Z,quay.io,71.99
2025-08-29T23:47:41Z,ghcr.io,70.91
2025-08-29T23:55:03Z,quay.io,73.25
2025-08-29T23:56:22Z,ghcr.io,72.01
2025-08-30T00:22:07Z,quay.io,71.51
2025-08-30T00:23:24Z,ghcr.io,69.32
2025-08-30T00:45:13Z,quay.io,117.22
2025-08-30T00:47:16Z,ghcr.io,70.37
2025-08-30T01:18:07Z,quay.io,77.19
2025-08-30T01:19:29Z,ghcr.io,72.42
2025-08-30T01:58:33Z,quay.io,71.87
2025-08-30T01:59:51Z,ghcr.io,70.88
2025-08-30T02:33:36Z,quay.io,74.10
2025-08-30T02:34:56Z,ghcr.io,71.92
2025-08-30T02:59:26Z,quay.io,72.66
2025-08-30T03:00:44Z,ghcr.io,70.55
2025-08-30T03:18:37Z,quay.io,75.94
2025-08-30T03:19:58Z,ghcr.io,70.97
2025-08-30T03:34:47Z,quay.io,73.20
2025-08-30T03:36:06Z,ghcr.io,70.36
2025-08-30T03:46:10Z,quay.io,73.62
2025-08-30T03:47:29Z,ghcr.io,85.46
2025-08-30T03:54:39Z,quay.io,71.21
2025-08-30T03:55:56Z,ghcr.io,69.92
2025-08-30T04:05:36Z,quay.io,72.22
2025-08-30T04:06:54Z,ghcr.io,71.78
2025-08-30T04:19:01Z,quay.io,71.64
2025-08-30T04:20:19Z,ghcr.io,71.02
2025-08-30T04:32:00Z,quay.io,72.82
2025-08-30T04:33:19Z,ghcr.io,71.15
2025-08-30T04:42:15Z,quay.io,71.33
2025-08-30T04:43:32Z,ghcr.io,70.43
2025-08-30T04:50:51Z,quay.io,72.43
2025-08-30T04:52:09Z,ghcr.io,70.36
2025-08-30T04:59:02Z,quay.io,74.02
2025-08-30T05:00:22Z,ghcr.io,71.51
2025-08-30T05:10:16Z,quay.io,71.86
2025-08-30T05:11:33Z,ghcr.io,69.87
2025-08-30T05:23:31Z,quay.io,72.14
2025-08-30T05:24:49Z,ghcr.io,72.09
2025-08-30T05:33:51Z,quay.io,75.97
2025-08-30T05:35:13Z,ghcr.io,71.50
2025-08-30T05:42:32Z,quay.io,71.84
2025-08-30T05:43:49Z,ghcr.io,69.92
2025-08-30T05:50:57Z,quay.io,72.83
2025-08-30T05:52:15Z,ghcr.io,71.85
2025-08-30T05:59:05Z,quay.io,71.25
2025-08-30T06:00:22Z,ghcr.io,70.22
2025-08-30T06:11:08Z,quay.io,72.69
2025-08-30T06:12:26Z,ghcr.io,70.33
2025-08-30T06:26:35Z,quay.io,73.17
2025-08-30T06:27:54Z,ghcr.io,71.18
2025-08-30T06:40:14Z,quay.io,72.03
2025-08-30T06:41:32Z,ghcr.io,71.26
2025-08-30T06:49:39Z,quay.io,73.41
2025-08-30T06:50:58Z,ghcr.io,70.88
2025-08-30T06:58:15Z,quay.io,72.69
2025-08-30T06:59:33Z,ghcr.io,71.53
2025-08-30T07:09:04Z,quay.io,71.67
2025-08-30T07:10:21Z,ghcr.io,70.31
2025-08-30T07:21:43Z,quay.io,73.27
2025-08-30T07:23:02Z,ghcr.io,72.04
2025-08-30T07:29:47Z,quay.io,71.58
2025-08-30T07:31:04Z,ghcr.io,71.54
2025-08-30T07:38:41Z,quay.io,71.54
2025-08-30T07:39:58Z,ghcr.io,69.88
2025-08-30T07:47:17Z,quay.io,71.41
2025-08-30T07:48:34Z,ghcr.io,70.62
2025-08-30T07:55:27Z,quay.io,71.91
2025-08-30T07:56:45Z,ghcr.io,71.05
2025-08-30T08:07:44Z,quay.io,73.06
2025-08-30T08:09:03Z,ghcr.io,71.91
2025-08-30T08:21:34Z,quay.io,72.24
2025-08-30T08:22:52Z,ghcr.io,70.75
2025-08-30T08:34:07Z,quay.io,71.63
2025-08-30T08:35:25Z,ghcr.io,70.44
